Time,Altitude,Vertical Velocity,Horizontal Velocity,Total Velocity,Drag,Displacement,Engine Thrust,Vacuum Thrust,Air Temperature,Mass,Pitch,Heading,Roll
3.580000003334135,86.00832716177683,0.438931605269155,0.029133385477928556,0.41932066184895345,1.5852870779471007,0.020023760140195516,5904530.0,11180000.0,306.6601867675781,547239.125,89.903076171875,271.6687316894531,-90.0
3.760000003501773,86.07701694348361,0.5848595281867769,0.02314625990875471,0.5644194838587405,3.6863985639483965,0.023754821553249195,5907497.0,11180000.0,306.65972900390625,546838.3125,89.8658447265625,71.86474609375,69.63037109375
3.8800000036135316,86.15220053936355,0.7111963705831444,0.01728832832624764,0.6903172402541982,6.378799464920586,0.02623233505920962,5908292.0,11180000.0,306.65924072265625,546494.625,89.83685302734375,72.14159393310547,69.42068481445312
4.020000003743917,86.25912029843312,0.8596791054338035,0.010637375176597262,0.838478222827757,10.261864791089213,0.028377847397404475,5908304.0,11180000.0,306.6585388183594,546093.6875,89.81869506835938,72.30526733398438,69.00663757324219
4.160000003874302,86.38687349657994,1.009273860844916,0.0069278565793469546,0.9878602835733246,15.31568199035122,0.029137992982618238,5908320.0,11180000.0,306.65765380859375,545692.75,89.80023193359375,72.46891784667969,68.5987548828125
4.300000004004687,86.53561682859436,1.159982967503882,0.01047737681994946,1.1600302842271573,20.102696971621615,0.028873874962712428,5908338.5,11180000.0,306.6565856933594,545291.8125,89.78421020507812,72.5485610961914,68.12477111816406
4.440000004135072,86.73151131719351,1.3118109818433443,0.017461436947573693,1.311927190763677,25.55975186613398,0.027608369687923056,5908359.0,11180000.0,306.65533447265625,544890.875,89.7718505859375,72.63121795654297,67.61309814453125
4.580000004265457,86.92576023074798,1.464765778848479,0.02462283505915437,1.4649727201869465,31.88369950622051,0.02546851972023883,5908382.5,11180000.0,306.6539306640625,544489.9375,89.760986328125,72.69309997558594,67.15274047851562
4.7200000043958426,87.14149194420315,1.6188467301371279,0.03208960373721495,1.6191647471284947,38.786927705954476,0.022646131401670926,5908408.0,11180000.0,306.6521301269531,544088.9375,89.756103515625,72.74946594238281,66.71980285644531
4.860000004526228,87.3788655604003,1.774057536674307,0.039426351955953905,1.774495584852063,46.29932455220084,0.019512081439525136,5908436.5,11180000.0,306.6503601074219,543688.0,89.7513427734375,72.82894897460938,66.329345703125
5.000000004656613,87.63803852838464,1.930400041458576,0.04675208980241933,1.9309660996413598,54.467904514049806,0.01685807600351424,5908467.0,11180000.0,306.6484069824219,543287.0625,89.7451171875,72.92033386230469,65.965087890625
5.140000004786998,87.91917022736743,2.08912700301582,0.05410556894251617,2.0898275161650197,63.32925658102772,0.01617124177459126,5908502.0,11180000.0,306.646240234375,542886.125,89.74435424804688,73.02238464355469,65.62232971191406
5.317169270478189,88.30723591765855,2.3022051888808996,0.06343238687261267,2.30307889561224,75.49905804431091,0.02061396983099146,5908546.0,11180000.0,306.6432189941406,542378.75,89.74359130859375,72.61126708984375,64.63533020019531
5.583566060289741,88.96012692223303,2.626559899010996,0.07993558061636484,2.6277012144512284,96.10149478464925,0.03675755099793798,5908634.0,11180000.0,306.63818359375,541479.125,89.7451171875,72.12071990966797,63.306365966796875
5.984128575772047,90.32594454428181,3.308562370416504,0.10517069880725578,3.2149944533110713,139.6499417572785,0.08022781650296809,5908800.0,11180000.0,306.6274108886719,540045.3125,89.7513427734375,72.21211242675781,61.95207214355469
6.6919433651492,92.59134443337098,4.083442110051364,0.13898296733069077,3.9875601220032855,214.93728380756247,0.15581818492015942,5909077.0,11180000.0,306.60955810546875,538212.4375,89.749755859375,79.47592163085938,67.39402770996094
7.331943365745246,95.37026673997752,4.882638726219474,0.17015994490039568,4.784308005764415,309.4640360591229,0.25208232083778526,5909416.0,11180000.0,306.58758544921875,536379.5625,89.75772094726562,79.04817199707031,65.13943481445312
7.891943366266787,98.22491674881894,5.602046028775335,0.19635904731021425,5.501484796367904,408.45404988971615,0.3524944727711636,5909764.5,11180000.0,306.5648193359375,534775.8125,89.76260375976562,81.2381591796875,65.72364807128906
8.531943366862833,101.9850497659063,6.447418424263972,0.22507082064086786,6.344249861331258,540.9644855232171,0.5029717332251432,5910223.0,11180000.0,306.5346984863281,532942.875,89.76846313476562,83.29385375976562,65.93659973144531
9.091943367384374,105.7225637063384,7.207583920593034,0.2528863768475886,7.102071473423078,675.34631425915,0.6359424478553055,5910748.0,11180000.0,306.5046691894531,531110.0,89.77532958984375,85.38621520996094,66.40660095214844
9.811943368054926,110.51970542559866,7.987017590603566,0.27321608433511596,7.991689247045971,850.9091173651752,0.7823209882853582,5911263.0,11180000.0,306.4659423828125,529506.25,89.77883911132812,87.74847412109375,66.90499877929688
10.291943368501961,114.49482575827278,8.670556591165292,0.2962696274664804,8.675506079733456,998.8168058914384,0.9181387892788757,5911747.5,11180000.0,306.4339599609375,528131.5625,89.78329467773438,89.53490447998047,67.28724670410156
10.851943369023502,119.55129260150716,9.48619213076324,0.31864014730506407,9.491440120729123,1189.9790875130827,1.0883117003991047,5912363.0,11180000.0,306.3930358886719,526527.8125,89.78692626953125,91.7227783203125,67.82664489746094
11.331943369470537,124.25232256297022,10.201008490979039,0.3371026016612391,10.206475356259054,1370.0696012348692,1.243808298564842,5912934.0,11180000.0,306.3549499511719,525153.125,89.7906494140625,93.64691162109375,68.33256530761719
11.891943369992077,130.17472516314592,11.053419314724934,0.35781088834925107,11.05911594590641,1601.4173272433757,1.436144066815944,5913653.0,11180000.0,306.306884765625,523549.375,89.79632568359375,95.91703033447266,68.93746948242188
12.451943370513618,136.57931589649525,11.925861758217694,0.3782128085622645,11.931765804212898,1858.3159423593243,1.6397012105397413,5914429.0,11180000.0,306.2547302246094,521945.59375,89.79827880859375,98.27448272705078,69.62179565429688
13.011943371035159,143.47735139506403,12.81850596052061,0.3971881560783084,12.824574204792038,2139.5761543184676,1.85414090222317,5915264.0,11180000.0,306.1986999511719,520341.84375,89.80517578125,100.62051391601562,70.2855224609375
13.5719433715567,150.88018670852762,13.731520812786755,0.41548245018007707,13.737729223098775,2445.748879737019,2.0787738782142724,5916158.5,11180000.0,306.13824462890625,518738.03125,89.80923461914062,102.9785385131836,70.95103454589844
14.051943372003734,157.63593247439712,14.530451215149649,0.4306812351393704,14.536757326919613,2728.6885941997366,2.2790452738952625,5916974.0,11180000.0,306.0830993652344,517363.375,89.811279296875,105.10501861572266,71.61979675292969
14.611943372525275,166.00670510681812,15.619355491206871,0.4473008384187329,15.488148480268867,3084.436602719032,2.5213954363769044,5917983.0,11180000.0,306.0146789550781,515759.625,89.81549072265625,107.61113739013672,72.41712951660156
15.09194337297231,173.60923373198602,16.453926913311122,0.4613501678521934,16.320219324477918,3411.449769044675,2.7361108522633852,5918898.0,11180000.0,305.9524841308594,514384.96875,89.82086181640625,109.90769958496094,73.24028015136719
15.65194337349385,184.37328659452032,17.447142895764276,0.4761863358106919,17.45363998286978,3880.294670537425,3.0318316849860705,5920024.0,11180000.0,305.8642578125,512781.1875,89.82305908203125,112.96902465820312,74.32644653320312
16.21194337401539,192.92650007538032,18.461575487856678,0.491147551218218,18.321882949041544,4258.895101548758,3.2604512587918775,5921215.5,11180000.0,305.7941589355469,511177.375,89.82528686523438,115.48889923095703,75.35694885253906
16.691943374462426,201.89961184281856,19.348116688457758,0.5028977079645104,19.205795431826754,4659.675086335307,3.4944147966172885,5922288.5,11180000.0,305.7203674316406,509802.75,89.829833984375,118.07299041748047,76.4427490234375
17.251943374983966,212.90905869891867,20.250496939071446,0.5155673258398569,20.25701630958056,5158.057191529369,3.7738051432377597,5923602.0,11180000.0,305.6298828125,508198.96875,89.83447265625,121.22169494628906,77.83554077148438
17.731943375431,222.81798851513304,21.323444727733797,0.5263244987577134,21.175326814043824,5610.071499909931,4.018144986867893,5924782.0,11180000.0,305.5482177734375,506824.3125,89.8321533203125,123.55329132080078,78.65391540527344
18.291943375952542,234.94015826564282,22.260533718629503,0.5378490606838211,22.26699657095694,6172.202504674058,4.308904000255281,5926222.5,11180000.0,305.4482116699219,505220.5,89.83807373046875,126.86019134521484,80.18528747558594
18.851943376474082,247.6790169251617,23.374295688896986,0.5469454835081363,23.38069392284836,6767.139649200678,4.604737238079088,5927512.0,11180000.0,305.343017578125,503845.84375,89.83807373046875,130.17135620117188,81.71025085449219
19.331943376921117,259.0982636506669,24.34664626509692,0.5557334577128991,24.352987989850018,7307.441717742976,4.862177969927473,5928853.0,11180000.0,305.24859619140625,502471.1875,89.84298706054688,132.83120727539062,82.830810546875
19.811943377368152,270.9875547218835,25.335457472714843,0.5642178863898867,25.341739229481956,7876.382862614773,5.122876963778847,5930246.0,11180000.0,305.150146484375,501096.53125,89.84677124023438,135.8283233642578,84.28070068359375
20.291943377815187,283.35483075561933,26.34084970766994,0.5714732191533537,26.3470481261614,8473.595387441506,5.386358135856992,5931692.0,11180000.0,305.0476379394531,499721.84375,89.84423828125,138.938720703125,85.83634948730469
20.771943378262222,296.2080424729502,27.362941777584446,0.5786070609646655,27.36905860373123,9100.429326722742,5.652256656316358,5933190.5,11180000.0,304.9410095214844,498347.1875,89.84677124023438,142.1891326904297,87.52261352539062
21.251943378709257,309.5552568270359,28.401859996945582,0.5840542553231367,28.40786459168057,9755.725266320058,5.920054208719101,5934742.5,11180000.0,304.8299560546875,496972.53125,89.85064697265625,144.87091064453125,88.6336669921875
21.73194337915629,323.4045627899468,29.45771641166301,0.5914636755998754,29.463653634088125,10445.529128340531,6.189688602619461,5936348.5,11180000.0,304.7145690917969,495597.875,89.85064697265625,148.6229705810547,90.80630493164062
22.211943379603326,337.7641339811962,30.53064441161,0.5956758940994618,30.53645490162511,11162.706508449963,6.460420252789296,5938009.0,11180000.0,304.594970703125,494223.21875,89.85195922851562,151.57420349121094,92.1685791015625
22.771943380124867,355.17283865145873,31.804128362103974,0.6014627108235459,31.80981512467021,12043.928288331384,6.777496461153497,5940015.5,11180000.0,304.4495849609375,492619.4375,89.85195922851562,155.66757202148438,94.39860534667969
23.251943380571902,370.66622915747575,32.91446092954337,0.6059742914405362,32.92003862580243,12829.22316016165,7.049499777584724,5941796.0,11180000.0,304.3200378417969,491244.75,89.85064697265625,158.29725646972656,95.42054748535156
23.811943381093442,389.4204829755472,34.231930184857084,0.6108679726366822,34.23738021316647,13796.431046357058,7.367360416653506,5943943.0,11180000.0,304.1629638671875,489641.0,89.84933471679688,162.3504180908203,97.58782958984375
24.21194338146597,403.27086809277534,35.18763627241831,0.6145086339365375,35.19300168074885,14517.81116629072,7.5943321456319,5945523.5,11180000.0,304.0468444824219,488495.4375,89.84933471679688,164.76907348632812,98.65245056152344
24.771943381987512,423.30806495517027,36.546311925065766,0.6182062887363461,36.55154024579043,15561.795301939843,7.911088747219765,5947802.0,11180000.0,303.8783874511719,486891.65625,89.85064697265625,167.62374877929688,99.60011291503906
25.331943382509053,444.1119864193024,37.92929707140325,0.6222517040222592,37.93440092467413,16664.57617748102,8.227054835855816,5950158.0,11180000.0,303.7032470703125,485287.875,89.85064697265625,171.69674682617188,101.75437927246094
25.731943382881582,459.4489351178054,38.932134852313595,0.6262522308214644,38.937171392068784,17488.993283561867,8.45202238611385,5951888.0,11180000.0,303.5738220214844,484142.3125,89.85064697265625,174.90184020996094,103.58148193359375
26.211943383328617,478.3858665321022,40.15214619721276,0.6282656210592147,40.15706117151692,18505.92500085484,8.720271673587227,5954017.5,11180000.0,303.4140930175781,482767.6875,89.84933471679688,177.6725311279297,104.69007873535156
26.69194338377565,497.9121032139519,41.39040527652287,0.6315630647646981,41.395223406325364,19563.62644984448,8.986684628825362,5956204.5,11180000.0,303.2488098144531,481392.96875,89.84677124023438,180.5757598876953,105.921630859375
27.251943384297192,521.4492421175819,42.858270207197535,0.6361666527914213,42.862991416410495,20849.461445985242,9.294878381789568,5958829.0,11180000.0,303.0493469238281,479789.25,89.84677124023438,184.2384796142578,107.6220703125
27.731943384744227,542.2824727992993,44.13648445919601,0.6365209323489803,44.141074061628466,21986.39548353079,9.555809630367532,5961141.0,11180000.0,302.8724060058594,478414.5625,89.84677124023438,184.8213348388672,106.51248168945312
28.21194338519126,563.7330080646789,45.4334062306959,0.6423933990665065,45.43794747788022,23130.958881146966,9.813256490062411,5963512.0,11180000.0,302.68988037109375,477039.90625,89.85330200195312,179.02655029296875,99.01390075683594
28.691943385638297,585.8098856941797,46.749141809099264,0.6481807568139434,46.75363513333243,24349.574909436375,10.069971687914157,5965941.5,11180000.0,302.5017395019531,475665.25,89.85195922851562,176.42947387695312,94.70709228515625
29.091943386010826,604.69222713809,47.86004939295202,0.6536438800923852,47.86451272307898,25382.999342562038,10.282545813967815,5968010.0,11180000.0,302.34051513671875,474519.6875,89.85330200195312,172.72604370117188,89.61686706542969
29.57194338645786,627.9408960151486,49.21058335223808,0.6615955154391868,49.21503045303966,26707.91788473178,10.538043160784309,5970547.0,11180000.0,302.14166259765625,473145.03125,89.85736083984375,172.3790740966797,87.78099060058594
30.1319433869794,655.8892008162802,50.810448203835094,0.6702777783375253,50.8148690736751,28271.726485981886,10.834480781816366,5973581.0,11180000.0,301.9020690917969,471541.25,89.85873413085938,168.31568908691406,82.24711608886719
30.611943387426436,680.5624711335404,52.202690253242594,0.6792100889034348,52.20710867325308,29690.0464047355,11.08905758534982,5976244.5,11180000.0,301.6900939941406,470166.59375,89.85873413085938,166.21533203125,79.08587646484375
31.09194338787347,705.9079544439446,53.614375943606525,0.6882553825242429,53.61879337782554,31154.93561379995,11.343986833860816,5978968.0,11180000.0,301.471923828125,468791.9375,89.860107421875,164.8612823486328,76.84034729003906
31.571943388320506,731.9349497199291,55.045638118308126,0.697304888444489,55.05005458634156,32673.386815019887,11.599460161201979,5981749.0,11180000.0,301.2474365234375,467417.25,89.86294555664062,163.5841827392578,74.84468078613281
32.05194338876754,758.6529795380775,56.49658252214203,0.7084844076852876,56.50102465298428,34202.994419878654,11.855242375442257,5984590.0,11180000.0,301.0164489746094,466042.59375,89.85598754882812,160.9359588623047,71.77243041992188
32.531943389214575,786.0714220083319,57.967395340921556,0.7200500044403896,57.97186726869843,35839.15795182838,12.113376719794612,5987488.5,11180000.0,300.7789611816406,464667.9375,89.85873413085938,160.11048889160156,70.93133544921875
33.01194338966161,814.199882250512,59.45808600006683,0.7185596519121121,59.4624277907041,37277.422951355606,12.366132808887446,5990446.0,11180000.0,300.53472900390625,463293.25,89.81976318359375,137.36276245117188,48.20899963378906
33.491943390108645,843.0480501840357,60.9693434085923,0.7437133758119814,60.97387920462515,38585.03831358824,12.617064566688406,5993461.5,11180000.0,300.2837219238281,461918.59375,89.66021728515625,111.57756805419922,22.337890625
34.051943390630186,877.6269297692925,62.75820151689802,0.7730071157882796,62.762961989031716,40842.820348614565,12.939859453478302,5997054.0,11180000.0,299.98211669921875,460314.8125,89.61285400390625,108.6263427734375,19.303558349609375
34.53194339107722,908.0679725550581,64.31347910906555,0.7963733465871526,64.31840953894434,42793.96076578868,13.234524924419475,6000196.0,11180000.0,299.7159423828125,458940.15625,89.58645629882812,107.2252197265625,17.869476318359375
35.011943391524255,939.2597387083806,65.88918063505922,0.8221044362484468,65.8943091659937,44783.85014269968,13.546759369947493,6003395.5,11180000.0,299.4425964355469,457565.46875,89.566162109375,106.32872772216797,16.94140625
35.49194339197129,971.2119518821128,67.48547171199775,0.8465711896214206,67.49078140731477,46807.40144090095,13.876818033638433,6006653.5,11180000.0,299.1618957519531,456190.84375,89.55105590820312,105.52339172363281,16.106765747070312
36.05194339249283,1009.4640089520253,69.3740506465902,0.8773181406560158,69.37959779528552,49213.94304072114,14.284409643460302,6010526.0,11180000.0,298.8249816894531,454587.03125,89.53396606445312,105.2886734008789,15.841934204101562
36.531943392939866,1043.0980622260831,71.01547107856827,0.9059210818748594,71.0212491126251,51310.607066167344,14.654229903196079,6013907.0,11180000.0,298.5279235839844,453212.375,89.52810668945312,104.89244842529297,15.422607421875
36.931943393312395,1071.731110092136,72.3994090441713,0.9118182491374983,72.40515066253708,53360.31534534092,14.970983564406957,6016767.5,11180000.0,298.2745361328125,452066.8125,89.44927978515625,102.34382629394531,12.855712890625
37.491943393833935,1112.752363705309,74.35927267191569,0.9647649842536803,74.36553101922388,57388.99880625079,15.428049360455484,6020838.0,11180000.0,297.9105529785156,450463.0625,89.16818237304688,98.10325622558594,8.5926513671875
37.891943394206464,1142.7283256179653,75.77655384335478,1.0129192762911807,75.78332348106098,59367.38098212143,15.793257688049856,6023792.5,11180000.0,297.6439514160156,449317.5,89.13067626953125,97.76809692382812,8.2435302734375
38.3719433946535,1179.4515840780223,77.49714195483097,1.0656089941362976,77.50446783054255,61723.59365455397,16.263467790692026,6027388.0,11180000.0,297.3164367675781,447942.84375,89.10781860351562,97.35509490966797,7.81597900390625
38.93194339517504,1223.345413039904,79.53162581761195,1.1352832530090666,79.53972826994824,64486.175131462485,16.85597644259819,6031652.0,11180000.0,296.92413330078125,446339.0625,89.082275390625,97.09742736816406,7.542877197265625
39.411943395622075,1261.880615355447,81.29927002087254,1.193022650737726,81.30802302953822,66877.38881798713,17.401557114020783,6035366.0,11180000.0,296.5786437988281,444964.40625,89.06875610351562,96.90198516845703,7.334747314453125
39.971943396143615,1307.9169581983006,83.38911899183611,1.268234497921499,83.3987624906768,69711.75837589253,18.081229959999142,6039766.0,11180000.0,296.1647033691406,443360.625,89.04693603515625,96.8589859008789,7.277252197265625
40.45194339659065,1348.3134306870634,85.20475829378577,1.3082267429791572,85.21480090403017,72598.97837150969,18.696701055505095,6043596.0,11180000.0,295.800537109375,441985.96875,88.95245361328125,95.95073699951172,6.35791015625
40.931943397037685,1389.5855871171225,87.0395436522777,1.399304418767729,87.0507909903933,77199.46376696801,19.337706437123444,6047479.0,11180000.0,295.4273681640625,440611.3125,88.673828125,94.38031768798828,4.77764892578125
41.491943397559226,1438.8550608052174,89.20674559598076,1.5421691535421806,89.22007478994944,80366.8385685058,20.167570630241613,6052073.0,11180000.0,294.9807434082031,439007.53125,88.61068725585938,94.3801040649414,4.766693115234375
41.97194339800626,1482.0575815110933,91.08943560079283,1.6534796551377455,91.1044415659354,83003.64654871235,20.93755335252776,6056067.0,11180000.0,294.5879211425781,437632.875,88.5927734375,94.1133041381836,4.490814208984375
42.5319433985278,1533.6091605912661,93.31476938363804,1.7905378624038877,93.33194635792319,86062.98319474475,21.903210090584437,6060790.0,11180000.0,294.11767578125,436029.09375,88.568115234375,94.09364318847656,4.462432861328125
43.011943398974836,1578.7935687807621,95.24712500893835,1.909191628591546,95.2662575896787,88794.66266234801,22.790185456917914,6064892.0,11180000.0,293.7044677734375,434654.4375,88.54251098632812,93.97819519042969,4.337005615234375
43.57194339949638,1632.6875809869962,97.53147556819175,2.0035581193229675,97.55205262651468,92901.8011545196,23.886360116563445,6069739.5,11180000.0,293.2099304199219,433050.65625,88.4052734375,93.40422058105469,3.754852294921875
44.05194339994341,1679.9053552853875,99.50870407553259,2.1955941166741963,99.53292329835938,98179.4772020427,24.883449127339926,6073947.0,11180000.0,292.7755432128906,431676.0,88.1141357421875,92.83204650878906,3.175384521484375
44.61194340046495,1736.198549355613,101.84508123701677,2.412575248161763,101.87365258742119,101470.03817005013,26.160999988416705,6078915.0,11180000.0,292.25604248046875,430072.21875,88.07369995117188,92.85563659667969,3.190582275390625
45.09194340091199,1785.4968727282248,103.87374964353111,2.5904237032494866,103.90604486731914,104402.32004094361,27.34141007052705,6083222.0,11180000.0,291.7996826171875,428697.5625,88.04025268554688,92.69490814208984,3.022430419921875
45.65194340143353,1844.249049418955,106.270339680879,2.812378965913373,106.30754710432049,107720.19725921843,28.82305371234792,6088306.0,11180000.0,291.254150390625,427093.75,88.01809692382812,92.47399139404297,2.79425048828125
46.13194340188056,1895.682236009743,108.3524312389758,2.9418668653105597,108.39236105948699,111566.57417394963,30.17265355419432,6092712.0,11180000.0,290.7750244140625,425719.09375,87.88113403320312,92.41767883300781,2.732421875
46.6919434024021,1956.9560302809114,110.80256932744808,3.2506617794808745,110.85024209070775,118041.51681401709,31.855687291735933,6097906.0,11180000.0,290.2027282714844,424115.34375,87.57769775390625,92.14701080322266,2.454132080078125
47.17194340284914,2019.6093293819577,113.28645804395624,3.5412913891824145,113.34179423693696,121280.43235186217,33.70382931532549,6103158.0,11180000.0,289.6153564453125,422511.5625,87.55520629882812,91.9992446899414,2.30206298828125
47.73194340337068,2074.4252518789144,115.44264444462803,3.788187542179855,115.50478137819029,124208.38111377554,35.40484923683535,6107705.0,11180000.0,289.1002197265625,421136.90625,87.52154541015625,92.10612487792969,2.402496337890625
48.29194340389222,2139.692467527464,117.98994030146592,4.121898912051172,118.06052198149384,127402.49417620884,37.5350970847468,6113830.0,11180000.0,288.4847717285156,419304.0,87.50128173828125,92.09530639648438,2.38238525390625
48.85194340441376,2206.3947894391604,120.5737066300552,4.356429643858447,120.65084797701621,132180.93649794278,39.810052202260216,6119246.5,11180000.0,287.85369873046875,417700.21875,87.34539794921875,92.02377319335938,2.306671142578125
49.331943404860795,2264.72451626393,122.80549909869,4.65199212692902,122.89357851257877,139004.01784603286,41.88453973438408,6123148.0,11180000.0,287.30029296875,416554.6875,87.01312255859375,91.7713851928711,2.049163818359375
49.891943405382335,2334.135999655002,125.43998842167653,5.047448179300597,125.54149683810954,142853.40323522987,44.50903333183929,6128652.0,11180000.0,286.6396179199219,414950.90625,86.94720458984375,91.64166259765625,1.915985107421875
50.37194340582937,2394.8120920941,127.727523238575,5.369036887849432,127.84031738760588,145497.7854196827,46.922298907290205,6133408.5,11180000.0,286.0605163574219,413576.25,86.92828369140625,91.6742935180664,1.94488525390625
50.93194340635091,2466.9965699127642,130.43205248598463,5.690829424405986,130.55614062633873,149856.0802716352,49.92014623424285,6139002.0,11180000.0,285.36944580078125,411972.46875,86.8017578125,91.55513000488281,1.8211669921875
51.411943406797945,2530.0793622807832,133.15917112043783,6.164660881839439,133.30179255085105,157517.88629489148,53.12508953364228,6144640.5,11180000.0,284.7637023925781,410368.6875,86.48883056640625,91.34466552734375,1.6070556640625
51.89194340724498,2605.099149741465,135.52481764620975,6.566661642723337,135.68381348992378,160333.32758231423,56.083709572345796,6149510.0,11180000.0,284.0412292480469,408994.03125,86.4349365234375,91.33890533447266,1.59722900390625
52.45194340776652,2670.6375016591046,137.91876651087244,7.021927269984191,138.09405758394777,162958.83996414923,59.226557982976374,6155228.0,11180000.0,283.4082336425781,407390.25,86.40887451171875,91.2889175415039,1.54241943359375
53.01194340828806,2748.559468391002,140.74927104700404,7.354979744407418,140.9413105775012,167456.95112867074,63.11766935343943,6160163.0,11180000.0,282.6534729003906,406015.59375,86.260009765625,91.23221588134766,1.48138427734375
53.5719434088096,2828.0730149514275,143.60092531173055,7.914797212985542,143.81887833420166,175701.1916657168,67.26339913130113,6165957.0,11180000.0,281.8809509277344,404411.8125,85.91851806640625,91.08346557617188,1.32843017578125
54.05194340925664,2897.5037780968705,146.0742940121971,8.391497736995051,146.3151277395191,178276.54608355128,71.07074281483223,6170952.0,11180000.0,281.20452880859375,403037.15625,85.87997436523438,91.07113647460938,1.3125
54.53194340970367,2968.127904191497,148.57731479618835,8.855961060558974,148.84101087520128,180661.11825820614,75.09897391079328,6176813.0,11180000.0,280.51470947265625,401433.375,85.85528564453125,91.03667449951172,1.27447509765625
55.09194341022521,3052.0499598885654,151.537701741633,9.334869255419346,151.82494799324613,185136.04280865236,80.06816890366656,6181864.5,11180000.0,279.69281005859375,400058.71875,85.69708251953125,90.9905014038086,1.224700927734375
55.57194341067225,3125.3074550494784,154.0899580428092,9.888068120925475,154.40689447300844,193521.8475837314,84.56395752884251,6186939.5,11180000.0,278.97344970703125,398684.03125,85.3416748046875,90.85811614990234,1.08905029296875
56.13194341119379,3212.3288879154716,157.1005814364979,10.54834049404309,157.4543113886183,196560.80206874464,90.15906442341861,6193740.0,11180000.0,278.11663818359375,396851.15625,85.28549194335938,90.86454010009766,1.091888427734375
56.69194341171533,3301.047014122596,160.59370030645988,11.277278352150471,160.54429676436231,198986.48274760097,96.10989012111028,6199722.0,11180000.0,277.2408142089844,395247.375,85.25711059570312,90.83148956298828,1.05511474609375
57.17194341216236,3378.459763273946,163.25332240684114,11.749066911100941,163.22615490205212,203094.1176998204,101.48119784567383,6204871.0,11180000.0,276.47479248046875,393872.71875,85.09036254882812,90.80120086669922,1.0223388671875
57.731943412683904,3470.3899178134743,165.91927500578836,12.528925209738338,166.38289531290224,213371.8424592642,108.07913947754383,6210901.5,11180000.0,275.5628356933594,392268.9375,84.67092895507812,90.69847106933594,0.916412353515625
58.21194341313094,3550.5780343470396,169.06637434717786,13.178380988550558,169.11980968004755,215649.18722611608,114.08378266109841,6216088.0,11180000.0,274.7655029296875,390894.28125,84.62091064453125,90.69567108154297,0.9105224609375
58.77194341365248,3645.7762491913745,172.26288521142467,13.860016708770711,172.3544586876954,219539.08759844786,121.46380728617065,6222159.0,11180000.0,273.8168029785156,389290.5,84.47412109375,90.65745544433594,0.8690185546875
59.33194341417402,3742.7679612936918,175.47688306366013,14.723313868635843,175.62329578580068,227788.22712870015,130.41404471578676,6228250.0,11180000.0,272.8479919433594,387686.71875,84.15420532226562,90.5967788696289,0.8052978515625
59.811943414621055,3827.3406085238094,178.26816047551398,15.435717118427227,178.4591849503718,229430.98930324396,137.5352866888561,6233483.5,11180000.0,272.00146484375,386312.0625,84.11883544921875,90.59268951416016,0.79833984375
60.371943415142596,3927.7091018530773,181.57162841341588,16.19499810580259,181.81060321000598,234970.13609798427,146.25296826716908,6239604.0,11180000.0,270.99481201171875,384708.28125,83.956787109375,90.560302734375,0.763031005859375
60.931943415664136,4029.9306295732968,184.88892520345223,17.154112271859002,185.68300469004507,242927.76210529005,155.44846790405674,6245739.0,11180000.0,269.9675598144531,383104.5,83.598876953125,90.50215148925781,0.701904296875
61.41194341611117,4134.016590722604,187.7698474427312,17.949304928612204,188.6258019362326,243996.09399128542,163.7538884769758,6251006.5,11180000.0,269.0706481933594,381729.84375,83.56222534179688,90.49837493896484,0.694976806640625
61.97194341663271,4239.995851613465,191.18089945739052,18.798138213649803,192.10285348644967,249238.12863125076,173.90010996882614,6257160.5,11180000.0,268.00469970703125,380126.0625,83.39556884765625,90.45337677001953,0.647125244140625
62.45194341707975,4332.358657591976,194.11219052888836,19.702132072122307,195.10949879519143,257211.01860271776,183.0139543674728,6262442.5,11180000.0,267.0743713378906,378751.40625,83.01593017578125,90.42256164550781,0.614105224609375
63.01194341760129,4441.90169471805,197.57495941881166,20.740467698531035,198.66059395284935,258304.1292422875,194.19593801953485,6268609.5,11180000.0,265.80975341796875,377147.625,82.97610473632812,90.42020416259766,0.608642578125
63.57194341812283,4553.398207085789,201.09530017033762,21.68573986603823,202.26119515155563,263448.78620589926,205.92589059676413,6274780.5,11180000.0,264.68035888671875,375543.875,82.7178955078125,90.37843322753906,0.5635986328125
64.05194341856986,4650.5385193224065,204.11776677497673,22.68048336426241,205.3739687468701,271909.8424220827,216.44091471245002,6280071.5,11180000.0,263.6954345703125,374169.1875,82.40338134765625,90.35199737548828,0.534912109375
64.5319434190169,4749.134817907936,207.17405980972805,23.668808976316928,208.52171008411128,272568.11324296694,227.43658440603565,6285362.5,11180000.0,262.6947937011719,372794.53125,82.3636474609375,90.35575866699219,0.53643798828125
65.09194341953844,4866.032425266574,210.79657742266232,24.718212363178555,212.24087041740964,279254.052268106,240.82103371184732,6291533.0,11180000.0,261.5074768066406,371190.75,82.04840087890625,90.31035614013672,0.488128662109375
65.65194342005998,4984.959077308304,214.42205883184144,26.015005469788775,215.99444396391036,286320.28401731915,254.86812708980955,6297699.5,11180000.0,260.2986755371094,369587.0,81.7633056640625,90.30498504638672,0.479644775390625
66.13194342050701,5088.521238605026,217.57563923754373,27.08047519713537,219.254443345006,285880.944405435,267.4705391258002,6302980.0,11180000.0,259.2455749511719,368212.3125,81.74771118164062,90.29130554199219,0.463165283203125
66.69194342102855,5211.271319248015,221.3119062850099,28.432128666659754,223.10593734915633,292767.1331556846,282.7819178245707,6310011.5,11180000.0,257.9969787597656,366379.40625,81.40713500976562,90.25957489013672,0.42864990234375
67.2519434215501,5336.113114174688,225.0458978308871,29.85666145965128,226.99144334797504,300667.617744354,298.8179364818701,6316154.0,11180000.0,256.72698974609375,364775.65625,81.08486938476562,90.25233459472656,0.418609619140625
67.81194342207164,5463.058814538759,229.3852740126725,31.219574308236975,230.93229764156033,299526.8064033006,315.6292644429128,6322281.0,11180000.0,255.43576049804688,363171.875,81.06561279296875,90.23779296875,0.401153564453125
68.37194342259318,5592.144806679338,233.25089102445938,32.49613536427205,234.92945247805815,304090.21644588397,333.17178451447364,6328394.5,11180000.0,254.1231689453125,361568.09375,80.7757568359375,90.21737670898438,0.37835693359375
68.93194342311472,5723.394161155098,237.10823705761186,34.052510503343925,238.9611708063824,314990.94920606515,351.4860230913518,6334490.5,11180000.0,252.78955078125,359964.3125,80.3492431640625,90.19759368896484,0.35601806640625
69.57194342371076,5876.053631616291,241.59293610759903,35.7278495153469,243.63287987300058,319896.32409046433,373.44102374757375,6341433.0,11180000.0,251.23977661132812,358131.4375,80.0587158203125,90.17963409423828,0.33514404296875
70.1319434242323,6011.98673052527,245.5310852415761,37.38746628942794,247.7659866755084,324776.2290909401,393.57241190394075,6347484.0,11180000.0,249.861572265625,356527.65625,79.80819702148438,90.1794204711914,0.332183837890625
70.77194342482835,6170.0593838521745,250.1139855994003,39.17234882318436,252.56031172395913,331170.26771253295,420.7424720353015,6355226.0,11180000.0,248.26150512695312,354465.65625,79.431396484375,90.13883972167969,0.288970947265625
71.4919434254989,6331.063141912571,254.1340895623151,40.94657534208201,257.41164991101624,333823.26963205676,442.947681912787,6361216.0,11180000.0,246.63516235351562,352861.90625,79.22537231445312,90.15773010253906,0.305023193359375
71.97194342594594,6453.759115999099,257.65005599431464,42.34801491459861,261.10707711795277,332639.5336082546,462.7312638764613,6365476.0,11180000.0,245.39857482910156,351716.34375,79.10757446289062,90.13981628417969,0.285491943359375
72.37194342631847,6557.300460507162,260.5919665746837,43.5886244492552,264.21230331806896,341816.6673972448,479.72690392632796,6370567.5,11180000.0,244.35704040527344,350341.6875,78.72296142578125,90.11080932617188,0.25445556640625
72.93194342684001,6704.231822572066,264.71586305895653,45.49926993888241,268.5976018508347,343489.7521058761,504.4119931344797,6375634.0,11180000.0,242.88259887695312,348967.03125,78.54196166992188,90.12834167480469,0.26947021484375
73.33194342721254,6810.60612718889,267.7179695631057,47.013266313559996,271.7730240433313,340991.2406784086,522.6705750188077,6380673.5,11180000.0,241.8180694580078,347592.34375,78.47637939453125,90.11700439453125,0.25689697265625
73.89194342773408,6961.558787769289,271.94303616772527,48.641850741370554,276.25901716263763,354342.23092332634,549.0731549729999,6386518.0,11180000.0,240.31179809570312,345988.59375,77.93878173828125,90.08160400390625,0.2193603515625
74.37194342818111,7092.826282151975,275.5746721029972,50.35521150352911,280.1375505537228,359785.46460588434,572.5812926017109,6390668.5,11180000.0,239.00669860839844,344843.03125,77.70849609375,90.10247039794922,0.238677978515625
74.85194342862815,7225.846219141502,279.83514367679487,52.41404859537183,284.0476933921132,373783.0586916954,596.8886154498492,6396442.0,11180000.0,237.6888885498047,343239.25,77.35842895507812,90.06507873535156,0.19921875
75.41194342914969,7383.253567074891,283.5234460770663,54.46596890316685,288.6521769195601,380077.6112865066,626.3240121787105,6402170.0,11180000.0,236.1361846923828,341635.46875,77.147705078125,90.08443450927734,0.2166748046875
75.89194342959672,7520.09664081817,287.8319631640894,56.36805374571502,292.6328117890824,391339.49456420494,652.4665994148081,6407042.5,11180000.0,234.79263305664062,340260.8125,76.79165649414062,90.04537963867188,0.1759033203125
76.45194343011826,7681.9949758624425,291.5827847763406,58.50917302535275,297.33394908129503,390977.7044750783,684.092367956337,6412679.0,11180000.0,233.21121215820312,338657.03125,76.52069091796875,90.05596923828125,0.184661865234375
76.9319434305653,7822.716957376804,295.956960941139,60.54767127513659,301.40383339707944,394538.3025094647,712.1705003317148,6417470.0,11180000.0,231.84426879882812,337282.375,76.18133544921875,90.03462982177734,0.161590576171875
77.49194343108684,7989.17948619579,300.435335385945,62.804662174217015,306.23298757610786,378603.7954617534,746.1255879982314,6423008.5,11180000.0,230.23704528808594,335678.59375,76.00982666015625,90.04544830322266,0.170928955078125
78.05194343160838,8158.155969373183,304.926244753487,65.2960579830214,311.1326073416133,375763.402731843,781.3567126084588,6428490.0,11180000.0,228.6170196533203,334074.8125,75.5675048828125,90.01866912841797,0.141998291015625
78.61194343212992,8329.662602554541,309.5392158216309,67.68677726393165,316.1316818885536,352981.18171742756,817.9508444805765,6433913.0,11180000.0,226.9853057861328,332471.0625,75.38751220703125,90.02801513671875,0.14996337890625
79.17194343265146,8503.758594954037,314.15922530359194,70.33181730139042,321.2047627781279,351841.1702170364,855.8963346886896,6439276.0,11180000.0,225.3426513671875,330867.28125,74.90121459960938,90.0029296875,0.122589111328125
79.6519434330985,8655.051127421437,318.21698004744997,72.51188020443401,325.6293582606572,333304.5747348728,895.2908989604649,6443822.5,11180000.0,223.92698669433594,329492.625,74.7669677734375,90.01741027832031,0.136322021484375
80.21194343362004,8834.026579251164,322.94850048868966,75.27112320560789,330.85433300072856,343826.9254724429,930.1930434076783,6449067.5,11180000.0,222.41940307617188,327888.84375,74.24462890625,89.98114776611328,0.097900390625
80.69194343406707,8989.546563715907,327.065307315826,77.6013374358824,335.3853635312722,340706.9203318126,972.3311532151326,6453494.5,11180000.0,222.24168395996094,326514.15625,74.02035522460938,90.00550079345703,0.121429443359375
81.25194343458861,9173.484761128435,331.8486068754796,80.54425866245757,340.71718240401594,353122.3804006242,1016.0101188328682,6458565.5,11180000.0,222.03073120117188,324910.40625,73.54852294921875,89.97502899169922,0.08905029296875
81.81194343511015,9360.112352492753,336.7351398133085,83.39595552926231,346.1291035129589,343095.926202567,1061.2930690506546,6463532.0,11180000.0,221.81617736816406,323306.625,73.3653564453125,89.98904418945312,0.102264404296875
82.37194343563169,9549.479280769709,341.60128355492895,86.49572486255119,351.59612738521037,354965.765849421,1108.1912167975365,6468395.0,11180000.0,221.5983428955078,321702.84375,72.8642578125,89.96360778808594,0.074493408203125
82.85194343607873,9713.968833297025,345.8639848187348,89.06333824998997,356.3482499530635,342937.1961304682,1142.7300697872797,6472478.0,11180000.0,221.40927124023438,320328.1875,72.72860717773438,89.97779846191406,0.088653564453125
83.33194343652576,9880.50890893396,350.1143407532358,91.80393540719784,361.1481367101257,355830.6906569835,1185.2875665584934,6476485.0,11180000.0,221.21820068359375,318953.5,72.21978759765625,89.94288635253906,0.05126953125
83.8919434370473,10077.385228596744,355.1292443297828,95.02519106186487,366.8074948878184,350332.95637539454,1236.5911255021776,6481058.5,11180000.0,220.99319458007812,317349.75,71.9217529296875,89.96685028076172,0.07501220703125
84.37194343749434,10248.377478197217,359.4245672920776,97.94765068765504,371.7104616545797,357893.3538053626,1281.9776722828187,6484894.0,11180000.0,220.7987823486328,315975.0625,71.47451782226562,89.93191528320312,0.038330078125
84.93194343801588,10479.590620622155,364.53067796467326,101.29618921748785,378.3431420382421,351941.10864944535,1344.6184754730841,6489269.0,11180000.0,220.53793334960938,314371.3125,71.08114624023438,89.9406967163086,0.046478271484375
85.49194343853742,10655.44886718411,369.6052401854981,104.92352143259325,383.36602207015017,355097.99150914716,1393.2180186055903,6493538.5,11180000.0,220.34141540527344,312767.53125,70.68707275390625,89.92620086669922,0.0303955078125
85.97194343898445,10833.406578519964,374.07209874882705,107.9092630070487,388.4689000243169,342033.2893659026,1443.2589200957518,6497114.0,11180000.0,220.1445770263672,311392.875,70.5128173828125,89.93833923339844,0.04376220703125
86.531943439506,11043.731999845477,379.2374214892204,111.68768277307508,394.47844198061796,351063.4129821422,1503.4495590481754,6501188.5,11180000.0,219.9149169921875,309789.09375,69.919189453125,89.91252899169922,0.01593017578125
87.01194343995303,11226.317703813314,383.7587346490375,114.86666815952596,399.70195832011217,336758.6143181595,1556.692453706085,6504595.0,11180000.0,219.71859741210938,308414.4375,69.7589111328125,89.92709350585938,0.031494140625
87.57194344047457,11442.084176316508,389.0194841951025,118.79544419303576,405.86854172297006,343882.92811696476,1630.0240860274725,6508472.0,11180000.0,219.4906005859375,306810.65625,69.165283203125,89.89546966552734,-0.004425048828125
88.13194344099611,11660.803210561746,394.36882684384017,122.7135486589938,412.1196509789132,335111.21292943927,1686.8714799538518,6512242.0,11180000.0,219.26451110839844,305206.875,68.81512451171875,89.90777587890625,0.00860595703125
88.61194344144315,12141.242695258348,406.48435617119424,131.34810244484333,427.17895059069957,293180.54596627137,1836.841149654976,3970749.0,11180000.0,218.78823852539062,302014.3125,69.26931762695312,90.13134002685547,0.224456787109375
89.81194344256073,12336.59158380609,407.48506137115925,133.05148115789444,428.656939613681,386066.70149881294,1898.995508513868,3971832.5,11180000.0,218.6036376953125,301392.78125,65.96493530273438,89.89057922363281,-0.047821044921875
90.29194344300777,12532.218039603438,407.6210314539497,136.4160570245196,429.8421174078906,405031.5119199867,1962.4582335842395,3972878.25,11180000.0,218.42459106445312,300771.25,65.03619384765625,90.07738494873047,0.161224365234375
90.7719434434548,12728.02210568171,408.4817100668121,138.57968620514214,431.3486256936758,320749.069942248,2027.2167298796473,3973884.5,11180000.0,218.25161743164062,300149.71875,67.168701171875,90.07542419433594,0.16217041015625
91.17194344382733,12891.569133321522,409.3851768944034,140.05667517793876,432.6801304922155,331366.6650969756,2081.802099373251,3974697.25,11180000.0,218.11221313476562,299631.75,65.95947265625,90.15074920654297,0.187530517578125
91.65194344427437,13088.215694688959,409.96017998198545,142.9060129836708,434.1537489389571,367887.8370810543,2148.325182766747,3975642.0,11180000.0,217.95103454589844,299010.21875,64.1209716796875,90.19497680664062,0.25286865234375
92.1319434447214,13285.109309253166,410.62506583883277,145.658587693899,435.69412305438203,324923.12429411284,2216.219493593079,3976552.0,11180000.0,217.79710388183594,298388.65625,65.19708251953125,90.1897201538086,0.262847900390625
92.61194344516844,13482.417257235735,411.6417878580529,147.8174805760848,437.37737604365805,310387.7525370014,2285.17893492395,3977430.5,11180000.0,217.65074157714844,297767.125,64.83917236328125,90.24176025390625,0.279144287109375
93.09194344561547,13680.164328763029,412.3604602906565,150.63526291481196,439.01267822756165,319190.1716908974,2355.293040656471,3978278.5,11180000.0,217.51234436035156,297145.59375,63.72125244140625,90.25492858886719,0.3006591796875
93.65194344613701,13911.306670016027,413.35509250476593,153.7310553431531,441.016632199448,284429.09639152064,2438.739022569504,3979230.5,11180000.0,217.3616943359375,296420.46875,64.3892822265625,90.27115631103516,0.321258544921875
94.05194344650954,14077.403670770931,415.0436957412976,155.91509055249097,443.36303954726117,167407.235982845,2499.5690278417096,3979887.25,11180000.0,217.2611541748047,252412.5,63.84832763671875,90.35014343261719,0.33563232421875
94.53194344695657,14277.052035100874,416.9630401125071,159.2989499629286,446.3567320867423,194203.7399176646,2573.5250035375125,3980652.25,11180000.0,217.14927673339844,251790.953125,61.351898193359375,90.32969665527344,0.212249755859375
94.9319434473291,14444.033817418502,418.22263329772835,162.7274235267338,448.76540126232453,186538.24644128396,2636.5607849830762,3981270.0,11180000.0,217.0634765625,251273.015625,61.5850830078125,90.32764434814453,0.34954833984375
95.41194344777614,14645.189780413988,420.2914042998718,165.9877980234037,451.88141544106077,162382.20824434483,2713.718718212269,3981987.0,11180000.0,216.96990966796875,250651.46875,62.446197509765625,90.36419677734375,0.193634033203125
95.89194344822317,14847.360141031793,422.4458770543512,169.15500303098116,455.0537705487465,155228.22030531146,2792.345629333793,3982680.5,11180000.0,216.88706970214844,250029.921875,62.104522705078125,90.33856201171875,0.337921142578125
96.2919434485957,15016.624558661017,424.128575136437,172.0374109164618,457.6919477138568,162537.1039093407,2859.009113192809,3983240.5,11180000.0,216.82664489746094,249511.96875,60.876068115234375,90.32015991210938,0.310028076171875
96.77194344904274,15220.5635406269,425.92435276052754,175.9254654504429,460.826782716054,157371.40036324787,2940.619270821147,3983890.5,11180000.0,216.7650604248047,248890.453125,60.732635498046875,90.3136978149414,0.30828857421875
97.17194344941527,15391.205905549577,427.62392394581315,178.88531690546716,463.53228251674557,145651.83038730745,3009.929161163861,3984414.75,11180000.0,216.72325134277344,248372.484375,60.994537353515625,90.31546020507812,0.327117919921875
97.6519434498623,15596.89951924095,429.8188499300983,182.2227640843892,466.85048945651465,139303.49612485018,3094.5523043133876,3985024.0,11180000.0,216.68504333496094,247750.9375,60.73455810546875,90.30270385742188,0.3133544921875
98.13194345030934,15803.643223642604,431.8099795250231,185.94767491154457,470.14507997256584,149738.47126745852,3180.7526957810333,3985611.5,11180000.0,216.6604766845703,247129.40625,58.99542236328125,90.26943969726562,0.287933349609375
98.53194345068187,15976.595027623116,433.2512205929901,189.4373591678976,472.85635577183774,145020.73551974745,3254.032192370872,3986085.5,11180000.0,216.65093994140625,246611.453125,59.0006103515625,90.27283477783203,0.28717041015625
99.0119434511289,16184.96111966169,435.28512888788885,193.2199276929778,476.2426733175279,131687.97201046284,3343.621375082878,3986635.0,11180000.0,216.81715393066406,245989.90625,59.352203369140625,90.27647399902344,0.28973388671875
99.49194345157593,16394.323846562067,437.4428865377947,196.86867966305888,479.70152805134364,123551.28657675191,3434.9207847688554,3987165.0,11180000.0,217.0771942138672,245368.375,59.289825439453125,90.26533508300781,0.28143310546875
99.97194345202297,16604.748766436824,439.5634326638903,200.61772743390418,483.1805913900171,130557.13768404323,3527.8671846422117,3987677.25,11180000.0,217.33851623535156,244746.828125,57.702178955078125,90.24234008789062,0.25982666015625
100.45194345247,16816.082696013968,441.28745662658974,205.0213833410973,486.5885191854217,127914.38242387988,3622.7566031235615,3988171.5,11180000.0,217.60096740722656,244125.296875,57.391510009765625,90.23757934570312,0.25091552734375
100.85194345284253,16992.86677623319,442.97673051365155,208.37122217084087,489.5374858021949,117747.20633775007,3703.303251532837,3988569.25,11180000.0,217.82049560546875,243607.328125,57.75390625,90.24503326416016,0.25592041015625
101.33194345328957,17205.931441520457,445.1880738763317,212.15647309163805,493.1559491645631,111598.05009599883,3801.5937559152317,3989032.0,11180000.0,218.0850372314453,242985.796875,57.5404052734375,90.23261260986328,0.246978759765625
101.89194345381111,17455.831872201874,447.4576912556768,217.0906921193922,497.3396767489372,119036.20214813272,3918.5317466061488,3989550.5,11180000.0,218.3953094482422,242260.671875,55.64068603515625,90.20490264892578,0.21942138671875
102.37194345425814,17670.95405038912,449.57875296524503,222.31628838482288,500.9281088255437,110680.31462185582,4038.298456570972,3990046.75,11180000.0,218.66236877441406,241535.53125,56.01788330078125,90.21614837646484,0.224884033203125
102.93194345477968,17923.117405132274,451.6848351808917,226.4610650327698,505.2759684649228,100067.4995562348,4143.056883955208,3990454.75,11180000.0,218.97537231445312,240914.0,56.153564453125,90.20680236816406,0.21685791015625
103.41194345522672,18140.361280943733,453.89785053819526,230.49868295688927,509.0706253242809,97065.49051783668,4249.700125504333,3990847.5,11180000.0,219.24502563476562,240292.453125,55.712432861328125,90.20169830322266,0.213226318359375
103.89194345567375,18358.66118423897,455.8488658100061,234.94307175328328,512.8317808259716,104491.49592523444,4358.234104567723,3991225.5,11180000.0,219.51596069335938,239670.921875,53.7657470703125,90.17632293701172,0.1888427734375
104.37194345612079,18577.7877661956,457.50553583407526,239.82538464137002,516.5535116880006,99433.50372018544,4468.983646167749,3991588.5,11180000.0,219.7878875732422,239049.359375,53.884033203125,90.1837387084961,0.19024658203125
104.85194345656782,18797.795636185096,459.5257337545963,244.2981142024627,520.4281589091617,90313.39969381117,4581.839855556252,3991937.0,11180000.0,220.06088256835938,238427.828125,54.185272216796875,90.18257141113281,0.18865966796875
105.33194345701486,19018.79382409714,461.71011896678226,248.59398354946222,524.3807801715377,85450.87365223002,4696.707646268643,3992271.5,11180000.0,220.33509826660156,237806.28125,54.01446533203125,90.17646026611328,0.185302734375
105.8119434574619,19240.85058234725,463.6954188776116,253.19528991323557,528.3193128424618,91025.24938786941,4813.550408174474,3992593.0,11180000.0,220.610595703125,237184.75,52.114105224609375,90.15518188476562,0.165283203125
106.21194345783442,19426.5336007023,464.99763980569037,257.5044421395688,531.53677459464,88811.66348225795,4912.677341887382,3992850.75,11180000.0,220.84095764160156,236666.78125,51.972900390625,90.1559066772461,0.161590576171875
106.69194345828146,19650.11600400426,466.9425148004234,262.2646524289633,535.5539749099324,80576.29151487008,5033.684321204129,3993148.75,11180000.0,221.11830139160156,236045.25,52.417144775390625,90.16313934326172,0.166046142578125
107.09194345865399,19837.166179857682,468.67165827873595,266.1335249748092,538.9621289007769,75764.0411400025,5136.157346766633,3993387.5,11180000.0,221.35031127929688,235527.3125,52.4364013671875,90.1540756225586,0.159881591796875
107.65194345917553,20100.249721046654,471.1109900383673,271.5651165700567,543.7767717295757,78791.06097033602,5282.028795959937,3993709.0,11180000.0,221.67660522460938,234802.171875,50.7069091796875,90.14010620117188,0.147705078125
108.05194345954806,20288.899044065853,472.37221640617315,276.0579073365336,547.1229103551657,78268.58502244583,5388.163303701335,3993929.5,11180000.0,221.91055297851562,234284.21875,50.229248046875,90.13458251953125,0.138824462890625
108.53194345999509,20516.003119021887,474.2460872164886,281.0853775173609,551.2878927513524,71224.79553607134,5517.692124378463,3994184.0,11180000.0,222.1921844482422,233662.671875,50.737335205078125,90.1448974609375,0.145294189453125
108.93194346036762,20705.976997266524,476.0079207852807,285.0660674727344,554.8388986676183,67484.48021328311,5627.330622584783,3994388.75,11180000.0,222.427734375,233144.71875,50.6788330078125,90.13709259033203,0.14117431640625
109.41194346081465,20934.89674737188,478.01021900649295,290.0116523486734,559.1069020971241,70806.65557696873,5760.878024056477,3994626.0,11180000.0,222.71156311035156,232523.1875,48.91961669921875,90.12162017822266,0.12799072265625
109.89194346126169,21164.62940288079,479.470345937042,295.610958642143,563.2740465371305,69306.225394032,5896.891534902981,3994854.0,11180000.0,222.99636840820312,231901.640625,48.57159423828125,90.1214370727539,0.12255859375
110.37194346170872,21395.14088670374,481.32777801403597,300.83101526729064,567.6052586390281,63110.43157298798,6035.350068557118,3995074.0,11180000.0,223.28211975097656,231280.09375,49.003448486328125,90.12663269042969,0.1256103515625
110.85194346215576,21626.572283424786,483.36069876675066,305.89401369481163,572.0216016258504,59143.56722243762,6176.142663512782,3995285.5,11180000.0,223.56898498535156,230658.5625,48.97021484375,90.11973571777344,0.1221923828125
111.3319434626028,21859.018473269418,485.34531270152166,311.04549585724146,576.462811510348,62212.31803920395,6319.197715544529,3995489.0,11180000.0,223.85708618164062,230037.015625,47.154449462890625,90.10730743408203,0.111572265625
111.81194346304983,22092.253188898903,486.7045487937646,316.9016705971342,580.7822196346893,61422.27389164902,6464.817081409076,3995685.0,11180000.0,224.14613342285156,229415.484375,46.68829345703125,90.10504913330078,0.104644775390625
112.29194346349686,22326.219713501283,488.48612983595496,322.3782517231252,585.2746673367711,56051.24992547899,6612.995607008229,3995872.75,11180000.0,224.43605041503906,228793.9375,47.157440185546875,90.1120834350586,0.1087646484375
112.7719434639439,22561.074501960888,490.4610425827992,327.6884302241883,589.8573908956292,52659.16500179804,6763.614712235415,3996053.0,11180000.0,224.72705078125,228172.390625,47.1202392578125,90.10469818115234,0.10552978515625
113.25194346439093,22796.916918606265,492.3802092451559,333.0908071346505,594.4642598625392,55448.31327819816,6916.60469592999,3996226.25,11180000.0,225.0192413330078,227550.84375,45.276885986328125,90.09367370605469,0.096282958984375
113.65194346476346,22994.035285915365,493.3984711872856,338.19859587121636,598.180860291612,55585.92659257928,7046.129552636337,3996365.0,11180000.0,225.26344299316406,227032.90625,44.681884765625,90.08879852294922,0.087982177734375
114.1319434652105,23231.180788414436,495.03974130562096,343.9752293999789,602.8128265993552,50976.19457409001,7204.023346881446,3996524.75,11180000.0,225.5572052001953,226411.34375,45.253326416015625,90.10011291503906,0.094573974609375
114.53194346558303,23429.444568837294,496.64556442442046,348.5788698000408,606.7652306564088,48465.30110604012,7337.544986358233,3996652.5,11180000.0,225.80279541015625,225893.40625,45.230682373046875,90.09306335449219,0.09197998046875
115.01194346603006,23668.23425163864,498.4568056533226,354.25069658431886,611.5167562157143,50670.877663229345,7500.045660458465,3996800.0,11180000.0,226.09854125976562,225271.875,43.480621337890625,90.0813980102539,0.08294677734375
115.4919434664771,23907.725601258688,499.6442872552535,360.5462863805079,616.1477407323551,49898.773412814844,7665.311216580904,3996941.0,11180000.0,226.39512634277344,224650.328125,43.0953369140625,90.08148956298828,0.07781982421875
115.89194346684963,24107.7912121166,500.9823562790872,365.5143880878691,620.1484412640216,46465.58615325268,7805.141780403427,3997053.5,11180000.0,226.6428680419922,224132.375,43.5245361328125,90.08854675292969,0.081939697265625
116.37194346729666,24348.623394736438,502.8650263991851,371.24293063254544,625.0556361797677,44248.283442962114,7975.346455695254,3997183.0,11180000.0,226.94107055664062,223510.84375,43.338165283203125,90.08168029785156,0.08026123046875
116.8519434677437,24590.359396310523,504.43940178050866,377.2942839223124,629.9286362351912,46674.23454019978,8148.158627924677,3997307.0,11180000.0,227.2403564453125,222889.296875,41.40142822265625,90.0685806274414,0.068878173828125
117.25194346811622,24792.26886102103,505.32302703625646,382.7385165450534,633.9086162059901,45664.83728967919,8294.38088531695,3997405.75,11180000.0,227.4903106689453,222371.34375,41.286224365234375,90.07169342041016,0.06689453125
117.73194346856326,25035.11795908527,506.84444719107364,388.9242713933513,638.8688304552619,42050.76664848359,8472.453010266338,3997519.25,11180000.0,227.79092407226562,221749.8125,41.7471923828125,90.07709503173828,0.06982421875
118.13194346893579,25238.07309470442,508.25610307286036,393.9801516710901,643.0743551266721,39989.66025073937,8622.948728101426,3997610.0,11180000.0,228.04214477539062,221231.84375,41.75030517578125,90.07018280029297,0.06719970703125
118.61194346938282,25482.417956300895,510.03479835901095,399.99940739970094,648.1782327857276,41364.749808829896,8805.99466617667,3997714.0,11180000.0,228.3445587158203,220610.3125,40.160552978515625,90.06488037109375,0.064117431640625
119.01194346975535,25686.563520479598,510.80409410627686,405.63786923790707,652.2751746890292,42216.63323134555,8960.751998537347,3997797.5,11180000.0,228.59719848632812,220092.359375,39.163421630859375,90.0566635131836,0.053924560546875
119.49194347020239,25931.975593421026,512.0479555398756,412.1922506159575,657.3397601244084,39135.82120506241,9149.215404584771,3997893.5,11180000.0,229.3556671142578,219470.8125,39.716064453125,90.06952667236328,0.060028076171875
119.97194347064942,26178.06427020079,513.6629218473145,418.4787868038838,662.5511997465334,36678.402337604784,9340.54579532758,3997985.0,11180000.0,230.22052001953125,218849.265625,39.77557373046875,90.06289672851562,0.05853271484375
120.45194347109646,26424.967429295764,515.1957276569874,424.8661499492171,667.785806354615,37900.320923652784,9534.67359909103,3998072.75,11180000.0,231.09706115722656,218227.71875,38.074615478515625,90.05377197265625,0.052215576171875
120.93194347154349,26672.42428781942,516.0465737628806,431.82154813405583,672.88477150646,37210.023759837684,9731.848662008657,3998157.0,11180000.0,231.98402404785156,217606.1875,37.677337646484375,90.05354309082031,0.047149658203125
121.41194347199053,26920.376547886757,517.3582150434975,438.4760678322095,678.1745975297144,34315.13522982796,9932.065227738112,3998237.5,11180000.0,232.88087463378906,216984.640625,38.1224365234375,90.05896759033203,0.04998779296875
121.81194347236305,27127.51029950485,518.6155283071414,443.9198389182384,682.6616215860462,32693.108989934655,10101.164549246221,3998302.5,11180000.0,233.63600158691406,216466.703125,38.08441162109375,90.05291748046875,0.048583984375
122.29194347281009,27376.788792428095,520.1904308319835,450.42812822072705,688.1014336720948,33876.69340592204,10306.72034705474,3998377.5,11180000.0,234.55160522460938,215845.15625,36.34625244140625,90.04780578613281,0.046051025390625
122.77194347325712,27626.61042476783,520.7997659898438,457.6743882510789,693.324052601722,34291.47850229314,10515.395886786255,3998449.5,11180000.0,235.476318359375,215223.609375,35.318145751953125,90.04207611083984,0.03668212890625
123.33194347377867,27918.53719852667,522.095495935235,465.7813115480036,699.6684479546276,31271.386866195768,10762.86782641045,3998529.25,11180000.0,236.56532287597656,214498.484375,35.925811767578125,90.05145263671875,0.041412353515625
123.8119434742257,28169.414675453445,523.4992762499646,472.5567631224093,705.2385317089287,30131.219030792843,10978.28914714918,3998594.5,11180000.0,237.5080108642578,213876.9375,35.48931884765625,90.04425048828125,0.04046630859375
124.29194347467273,28420.944235825446,524.5843562510353,479.59642323879734,710.7752640650634,31078.97684751628,11196.772239513657,3998657.5,11180000.0,238.45907592773438,213255.390625,33.80755615234375,90.03778839111328,0.03460693359375
124.77194347511977,28672.849108174327,525.1560915663769,487.00948594687634,716.2172574795399,30240.664907651477,11418.520780581995,3998716.5,11180000.0,239.4170379638672,212633.859375,33.511932373046875,90.03921508789062,0.03118896484375
125.2519434755668,28925.10998373502,526.1871574205873,494.1656451242112,721.8535928118566,28025.33556897191,11643.514005504085,3998773.5,11180000.0,240.3814697265625,212012.3125,33.92340087890625,90.04270935058594,0.0335693359375
125.65194347593933,29135.751587449573,527.2558529680578,500.01325168813065,726.6443327741654,27301.96932734335,11833.407944159519,3998818.75,11180000.0,241.19041442871094,211494.375,33.457183837890625,90.03739166259766,0.03314208984375
126.13194347638637,29389.040941274143,528.0965502110844,507.35346801989874,732.3206318660336,27907.544313119863,12064.19983836261,3998871.0,11180000.0,242.1671142578125,210872.828125,31.897308349609375,90.02973175048828,0.026275634765625
126.5319434767589,29600.33015092695,528.4905366390012,513.6865167774077,737.0048065215624,26959.96151348761,12259.096515877914,3998912.5,11180000.0,242.98489379882812,210354.875,31.925445556640625,90.03377532958984,0.02532958984375
127.01194347720593,29854.174525870476,529.4073573903008,521.0538176786862,742.8117062732084,25046.656205836836,12496.00985592588,3998960.0,11180000.0,243.97071838378906,209733.328125,32.277069091796875,90.03617858886719,0.026824951171875
127.49194347765297,30108.500283026136,530.5567647894613,528.3059323273529,748.7306850905294,24075.20646112109,12736.168510331858,3999005.5,11180000.0,244.96160888671875,209111.796875,31.947784423828125,90.03257751464844,0.0279541015625
127.9719434781,30363.397127062315,531.518383113173,535.7098149546525,754.6501158987453,25230.956391433752,12979.549805794575,3999048.5,11180000.0,245.95753479003906,208490.25,29.87060546875,90.02607727050781,0.023651123046875
128.45194347854704,30618.5327615086,531.5655729551839,543.6641396294034,760.3503502137369,25196.468067640384,13226.384708959044,3999089.5,11180000.0,246.95675659179688,207868.703125,29.0966796875,90.02442169189453,0.017059326171875
128.85194347891957,30831.212493809755,532.0083681760296,550.1100172159155,765.2802982245242,23613.048894244766,13434.74486440857,3999122.25,11180000.0,247.7912139892578,207350.765625,29.652008056640625,90.03284454345703,0.020294189453125
129.3319434793666,31086.72443650698,532.7756477328667,557.7460988161057,771.3174453892254,22125.530964944763,13687.88560490025,3999159.5,11180000.0,248.79518127441406,206729.21875,29.763214111328125,90.02497100830078,0.0186767578125
129.73194347973913,31299.944145980757,533.566560995902,564.0456649415867,776.4282240828127,21487.73234219447,13901.412197161242,3999189.5,11180000.0,249.63385009765625,206211.265625,29.471954345703125,90.0263900756836,0.021453857421875
130.21194348018616,31556.23788089631,534.2367435171717,571.790977263251,782.5303954502316,22360.39490135984,14160.721262801331,3999223.5,11180000.0,250.64266967773438,205589.71875,27.458770751953125,90.01836395263672,0.01580810546875
130.6919434806332,31812.63253144268,534.1434657063247,579.9655819539489,788.4600929710687,21862.67278194794,14423.604401165068,3999255.75,11180000.0,251.65228271484375,204968.1875,27.19732666015625,90.02095031738281,0.012451171875
131.17194348108023,32069.104053182877,534.693965130142,587.860154652566,794.6553956116654,20345.127131614652,14690.036000985165,3999286.75,11180000.0,252.662109375,204346.640625,27.658721923828125,90.0262222290039,0.015716552734375
131.65194348152727,32325.90966054215,535.4592940758414,595.6749896206265,800.9652607146779,20039.369123674926,14959.920411806923,3999316.5,11180000.0,253.6727294921875,203725.09375,26.8001708984375,90.0188217163086,0.015899658203125
132.1319434819743,32582.97480345436,535.5355761988701,603.8709951674786,807.129811231884,20347.56315145972,15233.341623184568,3999344.5,11180000.0,254.68341064453125,203103.5625,25.41546630859375,90.01311492919922,0.009124755859375
132.61194348242134,32840.0095807265,535.5735854180032,612.1226843156617,813.3469407647061,19280.91591502094,15510.422385175678,3999371.25,11180000.0,255.69259643554688,202482.015625,25.7327880859375,90.02059173583984,0.010009765625
133.09194348286837,33097.16757845145,536.135238787986,620.1572156646454,819.7779982478038,18256.619752520877,15791.088182777377,3999397.25,11180000.0,256.7004089355469,201860.484375,25.78778076171875,90.01910400390625,0.0128173828125
133.5719434833154,33354.63587019511,536.6061150647029,628.2704955768951,826.238427051944,18697.421576046963,16075.286269864462,3999422.0,11180000.0,257.7071533203125,201238.9375,24.05218505859375,90.01179504394531,0.010589599609375
134.05194348376244,33612.116434925236,536.15724073797,636.8246248176364,832.4723356183537,18643.679971443853,16363.188065634431,3999445.5,11180000.0,258.7112121582031,200617.390625,23.22747802734375,90.010009765625,0.004150390625
134.45194348413497,33826.55293789832,536.1237028878332,643.843416956585,837.8323044359728,17605.862344522586,16605.96927193579,3999464.75,11180000.0,259.5450134277344,200099.4375,23.717010498046875,90.0181655883789,0.0067138671875
135.0119434846565,34126.839794509,536.4128146709422,653.5652262175684,845.5094397249647,16522.29658821783,16950.14802458037,3999491.25,11180000.0,260.7084655761719,199374.3125,23.6998291015625,90.01133728027344,0.00738525390625
135.49194348510355,34384.349658059306,536.6906660057646,661.9227295415906,852.1611179005416,16104.684515624,17249.139761467253,3999512.25,11180000.0,261.7017517089844,198752.765625,23.18182373046875,90.01188659667969,0.00860595703125
135.97194348555058,34642.015223221155,536.8114876685394,670.3811593482728,858.8233066830713,16598.347131639115,17551.80714419995,3999532.5,11180000.0,262.691162109375,198131.234375,21.31805419921875,90.00762176513672,0.00616455078125
136.45194348599762,34899.52340746403,536.0504473768386,679.211016656432,865.2616293817568,16448.664977855642,17858.302244031383,3999552.0,11180000.0,263.67498779296875,197509.6875,20.643218994140625,90.00625610351562,0.000579833984375
136.93194348644465,35156.7471610622,535.8068857853364,687.8939354257694,871.9444278453376,15346.562144669226,18168.645626093035,3999570.75,11180000.0,264.6523132324219,196888.140625,21.209503173828125,90.01354217529297,0.003173828125
137.4119434868917,35413.93404683808,535.944438643199,696.4603743009308,878.8023067129297,14658.03374964859,18482.767118121552,3999588.5,11180000.0,265.6236877441406,196266.609375,21.055145263671875,90.00906372070312,0.00677490234375
137.89194348733872,35671.199381075334,535.8571981661632,705.1497644202786,885.6518091713386,14985.336385186894,18800.653125314602,3999605.5,11180000.0,266.5890808105469,195645.0625,19.2928466796875,90.0040283203125,0.004302978515625
138.37194348778576,35928.21093880886,534.9123064915912,714.1699934988528,892.2835621316271,14813.902929731898,19122.4474004087,3999622.0,11180000.0,267.5467224121094,195023.515625,18.655059814453125,90.00385284423828,-0.001129150390625
138.8519434882328,36184.84486584051,534.4571696089163,723.0708660846867,899.1529033077927,13872.782339481095,19448.170044890252,3999637.5,11180000.0,268.4958801269531,194401.984375,19.167144775390625,90.01019287109375,0.001220703125
139.33194348867983,36441.340422533336,534.3804379354298,731.8716235486737,906.2000473426567,13306.998652043134,19777.761332892984,3999652.5,11180000.0,269.4369201660156,193780.4375,18.943878173828125,90.00601196289062,0.00482177734375
139.81194348912686,36697.80038058653,534.0214853807418,740.8061569675124,913.2210625304415,13593.462726664464,20111.216114370254,3999666.5,11180000.0,270.3697814941406,193158.890625,17.1912841796875,90.00066375732422,0.002197265625
140.2919434895739,36953.88178837986,532.8559350759552,750.0214086652168,920.0367172030835,13394.816467072667,20448.663890862805,3999680.25,11180000.0,271.2928466796875,192537.359375,16.648590087890625,90.0013427734375,-0.00311279296875
140.77194349002093,37209.4850836799,532.1899024215866,759.1327043105057,927.0968422949566,12574.365634060194,20790.118214943963,3999693.0,11180000.0,272.2052917480469,191915.8125,17.13671875,90.00711822509766,-0.0008544921875
141.25194349046797,37464.84854668309,531.8961742082893,768.1605341063137,934.3362062426522,12113.68241009465,21135.528123900465,3999705.0,11180000.0,273.1076354980469,191294.28125,16.84423828125,90.00320434570312,0.003143310546875
141.731943490915,37720.059101174,531.253600475588,777.3313900613072,941.5277361782391,12372.603613902515,21484.896613345274,3999717.0,11180000.0,273.999755859375,190672.734375,15.098602294921875,89.99794006347656,0.00030517578125
142.21194349136204,37974.76159420423,529.8620796729992,786.7361868857331,948.5292042055949,12171.223997776231,21838.339389129098,3999728.5,11180000.0,274.5519714355469,190051.1875,14.655181884765625,89.99967193603516,-0.004913330078125
142.69194349180907,38228.883032268495,528.9809253977085,796.0524036211306,955.7825321408607,11487.734322256072,22195.864605457995,3999739.0,11180000.0,274.5525817871094,189429.65625,15.119537353515625,90.00469970703125,-0.002960205078125
143.1719434922561,38482.66157650738,528.462611868926,805.3019777840981,963.2154523087279,11152.612010458954,22557.429555446648,3999749.0,11180000.0,274.5531921386719,188808.109375,14.740203857421875,90.00115203857422,0.00152587890625
143.65194349270314,38736.1614941163,527.5097643267729,814.7036079897166,970.5712340325924,11415.781015063376,22923.04585972184,3999758.75,11180000.0,274.55377197265625,188186.5625,13.0216064453125,89.99540710449219,-0.001617431640625
144.05194349307567,38946.929522151244,526.1361905025235,822.6959347379249,976.5489706055788,11295.698614446428,23230.89650165282,3999766.25,11180000.0,274.5542907714844,187668.609375,12.63079833984375,89.99691009521484,-0.006317138671875
144.5319434935227,39199.199828382116,524.9375257618713,832.2283225119105,983.9529392933301,10694.989221067892,23604.13069525426,3999775.5,11180000.0,274.5549011230469,187047.078125,13.110015869140625,90.00323486328125,-0.005157470703125
145.01194349396974,39450.97932794702,524.2280777057342,841.6744906654052,991.5800651948982,10293.471575467482,23981.490737257613,3999783.75,11180000.0,274.5555114746094,186425.53125,13.019622802734375,90.00150299072266,0.00067138671875
145.49194349441677,39702.44272375654,523.2210010885824,851.2271472114833,999.1735945920201,10663.260475646768,24362.96194450365,3999791.75,11180000.0,274.5561218261719,185804.0,10.9019775390625,89.9936752319336,-0.00091552734375
145.9719434948638,39953.14945159771,521.1373529206473,861.0195558904582,1006.4486157946371,10633.901088439012,24748.65568650083,3999799.25,11180000.0,274.5567626953125,185182.453125,10.249725341796875,89.99573516845703,-0.008575439453125
146.45194349531084,40202.95885276853,519.6577381383639,870.7536414581823,1014.0296193503251,10045.66226357517,25138.589647139113,3999807.0,11180000.0,274.557373046875,184560.921875,10.84796142578125,90.0031967163086,-0.00714111328125
146.93194349575788,40452.14128743904,518.6061568403147,880.4370221169808,1021.8227320953953,9658.539549671987,25532.734680117777,3999814.0,11180000.0,274.55804443359375,183939.375,10.791473388671875,89.99901580810547,-0.00140380859375
147.4119434962049,40700.83555094816,517.3241095553619,890.2025949558214,1029.6042416352636,9849.251470745829,25931.08662055997,3999820.75,11180000.0,274.5586853027344,183317.828125,9.100677490234375,89.9939956665039,-0.002227783203125
147.89194349665195,40948.689495438826,515.1240070662461,900.1487079890879,1037.121226834361,9780.89905359189,26333.724525753816,3999827.5,11180000.0,274.559326171875,182696.28125,8.490203857421875,89.9950942993164,-0.008758544921875
148.37194349709898,41195.56662943505,513.4107918634942,910.0685951018779,1044.8997506902783,9285.868074806236,26740.667532449563,3999833.5,11180000.0,274.3315124511719,182074.75,8.985443115234375,90.00189208984375,-0.0081787109375
148.85194349754602,41441.7001688258,512.1552840697839,919.9457214750329,1052.9022582656094,8966.248325814186,27151.897030118547,3999839.75,11180000.0,273.48455810546875,181453.203125,8.9228515625,89.99959564208984,-0.001953125
149.33194349799305,41687.24201293313,510.4967034478124,929.9210977898508,1060.829926211438,9190.160988812673,27567.410990865577,3999845.5,11180000.0,272.6396789550781,180831.65625,7.100433349609375,89.99126434326172,-0.004364013671875
149.73194349836558,41891.087528006174,508.47409627456307,938.3428741033606,1067.255009809178,9078.3552546798,27917.000748864255,3999850.25,11180000.0,271.9383239746094,180313.71875,6.89678955078125,89.99449157714844,-0.00970458984375
150.21194349881262,42134.73739718401,506.5934102735516,948.4282671876741,1075.2455818710446,8637.318394134765,28340.5094988445,3999856.0,11180000.0,271.10009765625,179692.171875,7.35638427734375,90.00111389160156,-0.009521484375
150.69194349925965,42377.546019951464,505.0897486678444,958.4964443191627,1083.4348563627736,8331.927823339487,28768.37435191884,3999861.0,11180000.0,270.264892578125,179070.625,7.324798583984375,89.99857330322266,-0.00323486328125
151.09194349963218,42579.38653691509,503.82225150688237,966.9159864658095,1090.3042630369807,8518.562698235268,29128.24851784122,3999865.75,11180000.0,269.5706787109375,178552.671875,5.7242431640625,89.99530792236328,-0.002105712890625
151.57194350007921,42820.654179958045,501.05827499375914,977.175891171737,1098.1494056944164,8600.003473972241,29564.139547090293,3999870.75,11180000.0,268.7408752441406,177931.140625,4.682769775390625,89.99190521240234,-0.010284423828125
151.97194350045174,43020.73059285653,499.1285797150959,985.7337840251837,1104.8983808735609,8265.449924206114,29930.76840704909,3999874.5,11180000.0,268.0528564453125,177413.1875,5.166290283203125,90.00284576416016,-0.011810302734375
152.45194350089878,43259.88716434245,497.28072582480524,995.9928395322011,1113.2339631345524,7919.79948789714,30374.782490225698,3999879.75,11180000.0,267.23052978515625,176791.640625,5.339996337890625,89.99958038330078,-0.004638671875
152.9319435013458,43498.21843875211,495.35329086627223,1006.294328591842,1121.6073994621077,8028.3434273061575,30823.222573673553,3999884.0,11180000.0,266.4111022949219,176170.09375,3.790008544921875,89.99436950683594,-0.0028076171875
153.41194350179285,43735.380082184565,492.4865657415152,1016.6994382062325,1129.699413598476,7955.640311170037,31276.133346169183,3999888.5,11180000.0,265.5957946777344,175548.5625,3.321319580078125,89.9958724975586,-0.008941650390625
153.81194350216538,43932.01911646931,490.49109306544176,1025.3845060405722,1136.659534603304,7651.791500197093,31656.987336584185,3999891.75,11180000.0,264.91986083984375,175030.609375,3.716705322265625,90.00304412841797,-0.009063720703125
154.2919435026124,44167.01487260917,488.60346030798826,1035.7994647378277,1145.2571207270926,7431.301036677646,32118.12587729852,3999896.0,11180000.0,264.1121520996094,174409.0625,3.53936767578125,90.0013198852539,-0.000732421875
154.77194350305945,44401.10137588438,486.1857273545557,1046.2844526788028,1153.7277483880937,7679.802592634534,32583.75843082878,3999900.0,11180000.0,263.3076171875,173787.53125,1.43524169921875,89.99193572998047,-0.001983642578125
155.17194350343198,44595.0972971546,483.4272561191416,1055.0707369420516,1160.549943738022,7618.982276171992,32975.24511814307,3999903.0,11180000.0,262.6409912109375,173269.578125,1.176605224609375,89.99630737304688,-0.008758544921875
155.651943503879,44826.5504289025,480.72838505747075,1065.6518345334505,1169.0652730470067,7267.086325027609,33449.19588675979,3999906.5,11180000.0,261.84564208984375,172648.03125,1.713836669921875,90.003662109375,-0.00897216796875
156.13194350432605,45056.77469365916,478.42375027744896,1076.2555204209834,1177.801014631156,7004.708703017106,33927.7029258837,3999910.0,11180000.0,261.0546569824219,172026.484375,1.8050537109375,90.00052642822266,-0.0010986328125
156.61194350477308,45285.95845424675,476.0087822200837,1086.8984279696306,1186.5633373206426,7158.342563045613,34410.773045404996,3999913.5,11180000.0,260.2673034667969,171404.953125,0.031829833984375,89.9956283569336,-0.000274658203125
157.09194350522012,45513.702435530606,472.46631300285713,1097.5819525701606,1194.9521159988965,7125.222119825675,34898.427297095455,3999916.5,11180000.0,259.4850158691406,170783.40625,-0.4915798604488373,89.99665832519531,-0.007965087890625
157.57194350566715,45739.82045370573,469.5113046586158,1108.3218469700237,1203.6686344975847,6707.010506355545,35390.68294595222,3999919.5,11180000.0,258.7083435058594,170161.875,0.532501220703125,90.00565338134766,-0.008544921875
158.05194350611418,45964.64784106158,466.98780164734626,1119.1014504249385,1212.627586372099,6398.117942842989,35887.559225613084,3999922.5,11180000.0,257.93621826171875,169540.328125,0.84222412109375,89.9990463256836,-0.00244140625
158.53194350656122,46188.2434662797,464.3785632262133,1129.92421995357,1221.62850033131,6190.512893603327,36389.072000825625,3999925.5,11180000.0,257.16839599609375,168918.78125,0.868499755859375,89.99890899658203,-0.002197265625
158.93194350693375,46373.616461578524,462.2119338763506,1138.9747143027403,1229.1880538138682,6038.538677187439,36810.55276422182,3999927.75,11180000.0,256.5318908691406,168400.828125,0.85003662109375,90.00019836425781,-0.00250244140625
159.41194350738078,46594.9192131093,459.6103037334076,1149.8735628306417,1238.3258221464773,5868.350261502895,37320.6076627574,3999930.5,11180000.0,255.77206420898438,167779.296875,0.81170654296875,90.0002670288086,-0.001953125
159.89194350782782,46814.97476198198,457.02580535030313,1160.8141732163322,1247.542436751556,5698.74978103848,37835.34466739853,3999932.75,11180000.0,255.01657104492188,167157.75,0.807861328125,90.00069427490234,-0.002166748046875
160.37194350827485,47033.79550416418,454.47439181075345,1171.7966524616718,1256.8430162642169,5531.231682817421,38354.77989487031,3999935.0,11180000.0,254.2654571533203,166536.21875,0.82080078125,90.00071716308594,-0.0018310546875
160.8519435087219,47251.39736405364,451.95517696807553,1182.821331805491,1266.2265930560611,5369.56958019667,38878.92956476795,3999937.5,11180000.0,253.5185546875,165914.671875,0.83367919921875,90.00074005126953,-0.001556396484375
161.25194350909442,47431.81194294186,449.8784437057483,1192.0410688692705,1274.1085212736389,5240.225473596253,39319.33407606307,3999939.5,11180000.0,252.89938354492188,165396.71875,0.840576171875,90.00079345703125,-0.0013427734375
161.73194350954145,47647.21698550449,447.4116637651168,1203.1440698468964,1283.640467452169,5091.169920082846,39852.16952202003,3999941.75,11180000.0,252.16017150878906,164775.171875,0.8448486328125,90.00092315673828,-0.0010986328125
162.2119435099885,47861.44260521594,444.97197166026774,1214.2902930788398,1293.2520912137434,4947.986860310533,40389.76618849693,3999943.5,11180000.0,251.42507934570312,164153.640625,0.847564697265625,90.00100708007812,-0.00091552734375
162.69194351043552,48074.50188459968,442.55986312747643,1225.4800680909557,1302.9430646577096,4810.0046887331255,40932.14086143182,3999945.25,11180000.0,250.69407653808594,163532.09375,0.85003662109375,90.00102996826172,-0.000732421875
163.17194351088256,48286.408144140616,440.17575931560526,1236.713730004283,1312.7130490210632,4676.867345900492,41479.310465153525,3999947.5,11180000.0,249.9670867919922,162910.546875,0.852508544921875,90.0009536743164,-0.000579833984375
163.6519435113296,48497.17486530077,437.81986871784665,1247.9916210736005,1322.5616521410357,4548.298853580131,42031.29205914475,3999949.5,11180000.0,249.2440643310547,162289.015625,0.85467529296875,90.00101470947266,-0.00048828125
164.13194351177663,48706.8156033206,435.4922991763377,1259.3140854805567,1332.4884646898913,4424.058372353773,42588.10284563951,3999951.25,11180000.0,248.52500915527344,161667.46875,0.85650634765625,90.00109100341797,-0.00030517578125
164.61194351222366,48915.343962447834,433.1931708284708,1270.6814728596528,1342.4931019268595,4303.8739602352525,43149.760169865105,3999953.0,11180000.0,247.80982971191406,161045.9375,0.858123779296875,90.00106811523438,-0.00018310546875
165.0919435126707,49122.773632684955,430.92274717431826,1282.0941273884623,1352.5752346972215,4187.465468758741,43716.281514485316,3999954.5,11180000.0,247.09848022460938,160424.390625,0.859649658203125,90.00102996826172,-3.0517578125e-05
165.57194351311773,49329.11842337251,428.68121935902934,1293.5523997200369,1362.7345297792267,4074.593541568992,44287.68450511961,3999956.0,11180000.0,246.39093017578125,159802.84375,0.860931396484375,90.00093841552734,3.0517578125e-05
166.05194351356477,49534.39222384582,426.46875600512,1305.0566429356247,1372.9706628762892,3965.165828510873,44863.986901962286,3999957.5,11180000.0,245.68710327148438,159181.3125,0.862091064453125,90.0008316040039,0.0
166.5319435140118,49738.609025710146,424.2855958381495,1316.6072182632886,1383.2833527584753,3859.1186171041804,45445.206617468895,3999959.0,11180000.0,244.9869842529297,158559.765625,0.863189697265625,90.0007553100586,9.1552734375e-05
166.93194351438433,49907.99244204548,422.488912503301,1326.2683438542952,1391.9355592477107,3773.2680747583286,45933.32568146461,3999960.25,11180000.0,244.4063262939453,158041.8125,0.864044189453125,90.0006103515625,6.103515625e-05
167.33194351475686,50076.65985824249,420.71281913369006,1335.9621011975273,1400.6405720310722,3689.6420637948813,46424.882600471654,3999961.5,11180000.0,243.82815551757812,157523.859375,0.86480712890625,90.00047302246094,3.0517578125e-05
167.8919435152784,50311.607108515105,418.2613059383715,1349.5885811389328,1412.91608327808,3576.1451567097643,47118.858060709994,3999963.25,11180000.0,243.02288818359375,156798.734375,0.86602783203125,90.00025177001953,0.0001220703125
168.29194351565093,50478.590004299884,416.5354851846797,1359.3615111871695,1421.7473504512332,3497.5989915166456,47618.70917348247,3999964.0,11180000.0,242.45059204101562,156280.78125,0.8668212890625,90.0000228881836,0.0001220703125
168.77194351609796,50678.06259978807,414.49238992059776,1371.1330675149898,1432.4139869936882,3406.0112346338465,48223.11732436336,3999965.25,11180000.0,241.76707458496094,155659.234375,0.867645263671875,89.99979400634766,9.1552734375e-05
169.251943516545,50876.559707327746,412.48002763355544,1382.9530209428513,1443.1558582951243,3317.21249952075,48832.54696080524,3999966.5,11180000.0,241.08692932128906,155037.703125,0.868560791015625,89.9996109008789,0.000152587890625
169.73194351699203,51074.09613629768,410.49872772726786,1394.821743689716,1453.972799654562,3231.123795620643,49447.01694431957,3999967.5,11180000.0,240.41014099121094,154416.15625,0.8695068359375,89.99948120117188,0.000213623046875
170.13194351736456,51237.986761362175,408.87156258153016,1404.7498748007363,1463.044143367023,3161.4147880329133,49962.939240324886,3999968.75,11180000.0,239.84866333007812,153898.203125,0.8702392578125,89.99934387207031,0.000274658203125
170.6119435178116,51433.80086233467,406.9478534148051,1416.7089966158821,1473.9982823908913,3080.1109127427612,50586.69933180638,3999970.0,11180000.0,239.1779022216797,153276.65625,0.87109375,89.99917602539062,0.0003662109375
171.09194351825863,51628.696968261735,405.0560172714364,1428.7179686824554,1485.0270742191606,3001.308653476304,51215.55400422497,3999970.75,11180000.0,238.51031494140625,152655.125,0.871917724609375,89.99894714355469,0.0003662109375
171.49194351863116,51790.42019827943,403.50398046123894,1438.7638031010317,1494.2746545939299,2937.5069063339815,51743.50526472563,3999971.75,11180000.0,237.95640563964844,152137.171875,0.872528076171875,89.9986801147461,0.00042724609375
171.9719435190782,51983.6732021881,401.67115772237446,1450.865173980129,1505.439959617926,2863.096103442067,52381.75055056238,3999972.75,11180000.0,237.2946014404297,151515.625,0.87322998046875,89.99829864501953,0.00054931640625
172.45194351952523,52176.05194961082,399.8709634939705,1463.0174996874298,1516.6795943234863,2790.944971945683,53025.145823583225,3999973.75,11180000.0,236.63584899902344,150894.09375,0.873992919921875,89.99797821044922,0.0006103515625
172.93194351997226,52367.57215422706,398.10373228381206,1475.2211771099649,1527.9934892047188,2721.004057095763,53673.71092633501,3999974.25,11180000.0,235.98007202148438,150272.546875,0.8748779296875,89.99736022949219,0.00067138671875
173.4119435204193,52558.24970671185,396.36984207022203,1487.4766040793284,1539.3815964166076,2653.1882335363753,54327.46584304212,3999975.25,11180000.0,235.32723999023438,149651.0,0.87567138671875,89.99683380126953,0.000732421875
173.81194352079183,52716.515535759856,394.950550165183,1497.729282990768,1548.9283205506383,2598.2618764181025,54876.24057232143,3999976.0,11180000.0,234.78543090820312,149133.0625,0.8763427734375,89.99642944335938,0.00079345703125
174.29194352123886,52905.689954456175,393.27842315928206,1510.0806371584242,1560.4523218744762,2534.4158245525055,55539.56255955128,3999977.0,11180000.0,234.13787841796875,148511.515625,0.8770751953125,89.99589538574219,0.0008544921875
174.7719435216859,53094.067506777705,391.6405091268663,1522.4848915146645,1572.0504232624253,2472.8593107236425,56208.131802592674,3999977.5,11180000.0,233.49310302734375,147889.96875,0.877838134765625,89.99508666992188,0.0009765625
175.25194352213293,53281.664652070845,390.037070599613,1534.9424554634236,1583.7225950355105,2413.4964949264,56881.96886641411,3999978.5,11180000.0,232.85105895996094,147268.4375,0.878509521484375,89.9942855834961,0.001068115234375
175.65194352250546,53437.4114421237,388.727465690886,1545.364786040532,1593.5059976405983,2365.64166755184,57447.53871713601,3999979.0,11180000.0,232.3180694580078,146750.484375,0.8790283203125,89.9936294555664,0.00115966796875
176.1319435229525,53623.62108387763,387.1880924545878,1557.9211753287693,1605.3139903073159,2310.0730859365794,58131.087349115405,3999979.5,11180000.0,231.68084716796875,146128.9375,0.879791259765625,89.9927978515625,0.00128173828125
176.53194352332503,53778.235173529014,385.9323789265885,1568.4264431927509,1615.2106081902136,2265.2666135868585,58704.77946764312,3999980.5,11180000.0,231.15182495117188,145610.984375,0.880401611328125,89.99201965332031,0.001373291015625
176.93194352369756,53932.35015865776,384.70150756921953,1578.9698050827246,1625.1587292597014,2221.775896592819,59282.18304223418,3999980.75,11180000.0,230.62451171875,145093.03125,0.88104248046875,89.99121856689453,0.001495361328125
177.4119435241446,54116.64335073554,383.2575636267743,1591.672471024857,1637.1645045918585,2171.2686765948743,59979.98377565802,3999981.5,11180000.0,229.99404907226562,144471.5,0.88177490234375,89.99021911621094,0.00164794921875
177.89194352459162,54300.24955336086,381.84997422336255,1604.43077999284,1649.2445332948098,2122.5348512197875,60683.16811640828,3999982.5,11180000.0,229.36599731445312,143849.953125,0.882415771484375,89.98930358886719,0.001739501953125
178.37194352503866,54483.18625829986,380.47913207922943,1617.2451681194889,1661.3988996486057,2075.470627491333,61391.75761334508,3999982.75,11180000.0,228.740234375,143228.40625,0.8831787109375,89.98828125,0.00189208984375
178.8519435254857,54665.4711934058,379.14548093939146,1630.1160761035,1673.6277116753995,2030.0251441618868,62105.77396970846,3999983.75,11180000.0,228.11679077148438,142606.875,0.8839111328125,89.98717498779297,0.00213623046875
179.25194352585822,54816.89033569454,378.0627396203188,1640.8853308706107,1683.875323221875,1993.3422388570236,62704.948881121876,3999984.0,11180000.0,227.59898376464844,142088.921875,0.884490966796875,89.98617553710938,0.0023193359375
179.73194352630526,54998.02696448658,376.7981402088626,1653.8610153381353,1696.2408721995073,1950.6877130222,63428.97135721117,3999984.5,11180000.0,226.9795684814453,141467.375,0.8851318359375,89.98500061035156,0.002471923828125
180.2119435267523,55178.56296164391,375.5716646357333,1666.8944844688046,1708.6811573929695,1909.436776202294,64158.48302301714,3999984.5,11180000.0,226.36227416992188,140845.84375,0.8857421875,89.98377990722656,0.00274658203125
180.69194352719933,55358.516708126175,374.3838116702095,1679.9861894551084,1721.1963383648624,1869.510826598627,64893.506173383874,3999985.5,11180000.0,225.74700927734375,140224.296875,0.88641357421875,89.98262023925781,0.0029296875
181.17194352764636,55537.90680792276,373.2349451569027,1693.136589198007,1733.7865595185979,1830.8552802257316,65634.06325921373,3999985.75,11180000.0,225.13372802734375,139602.75,0.887054443359375,89.98140716552734,0.003173828125
181.6519435280934,55716.72863612138,371.9513320124808,1695.7990500062695,1736.1112324353026,1788.3709133649731,66377.98557610242,0.0,11180000.0,224.5224609375,139353.046875,0.9117431640625,89.91808319091797,-0.00274658203125
182.13194352854043,55894.912843357306,370.61008899142206,1695.2296671961394,1735.2681241249616,1739.4816450362334,67121.49347607348,0.0,11180000.0,223.9134063720703,139353.046875,0.933074951171875,89.81341552734375,-0.001953125
182.37194352876395,55983.76356259058,369.9395449348033,1694.9458919773663,1734.8477868785835,63.383809708753205,67493.06871924836,0.0,11180000.0,223.6097412109375,139353.046875,0.94403076171875,89.76068878173828,-0.002105712890625
183.01194352936,56220.18077899539,368.1590221781237,1694.3098470467853,1733.8474337181035,2078.2333018686895,68497.31280740291,0.0,11180000.0,222.80174255371094,22713.0,0.929290771484375,89.71063995361328,-0.000335693359375
183.49194352980703,56396.54376269062,366.8121487066674,1693.7102761561605,1732.9759525151467,2018.9734723252898,69239.51718078532,0.0,11180000.0,222.1990509033203,22713.0,1.278045654296875,89.62681579589844,-0.003082275390625
183.89194353017956,56543.019161664066,365.68996664158647,1693.213319206231,1732.253011554521,1970.3494002848267,69857.64860161237,0.0,11180000.0,221.69851684570312,22713.0,1.125030517578125,89.72122192382812,0.000244140625
184.3719435306266,56718.197249116376,364.34359643069644,1692.6201740605288,1731.3894160173063,1912.7677537923964,70598.96160671793,0.0,11180000.0,221.09996032714844,22713.0,1.045562744140625,89.83364868164062,0.00457763671875
184.85194353107363,56892.72921394289,362.9974973821789,1692.0304940115884,1730.530085196679,1856.8752622690427,71339.79161809104,0.0,11180000.0,220.50364685058594,22713.0,1.209320068359375,89.78828430175781,0.00341796875
185.33194353152066,57066.61518475902,361.6516625633575,1691.4442447024824,1729.6749862248664,1802.3501128658256,72080.14087816062,0.0,11180000.0,219.9095916748047,22713.0,1.151580810546875,89.98088073730469,0.006134033203125
185.8119435319677,57239.85528712685,360.3060892349765,1690.8613910550466,1728.8240863952612,1749.3601835077966,72820.01161156328,0.0,11180000.0,219.31777954101562,22713.0,1.339691162109375,89.93647003173828,0.0037841796875
186.29194353241473,57412.45136496902,359.0812637743332,1692.0342467631126,1729.7165219228802,1699.9638705260222,73559.59884075292,249992.671875,11180000.0,218.7282257080078,22707.171875,1.056060791015625,90.24919891357422,0.010009765625
186.77194353286177,57584.5038660703,357.8790778843921,1696.7413254949015,1734.0728243155124,1668.6525876289622,74300.6349505419,249992.90625,11180000.0,218.29888916015625,22672.2109375,-1.373518705368042,90.5672607421875,0.0166015625
187.2519435333088,57755.85436006659,356.1248048701637,1701.4456409344139,1738.3158935298643,1627.3532706210844,75043.50677597694,249993.15625,11180000.0,217.9448699951172,22637.25,-2.1399688720703125,90.09934997558594,0.032470703125
187.73194353375584,57926.40356687608,354.6743676967982,1706.1754193247616,1742.6498410779918,1586.2117927166505,75788.21835540437,249993.359375,11180000.0,217.6373291015625,22602.287109375,-0.3287985920906067,89.96509552001953,0.03424072265625
188.21194353420287,58096.330258713686,353.5126325951214,1710.9166386416732,1747.056646415695,1548.1153759994077,76534.7776039127,249993.578125,11180000.0,217.37330627441406,22567.326171875,0.038787841796875,89.88801574707031,0.033172607421875
188.6919435346499,58265.674566350644,352.2113573442227,1715.668899126485,1751.4487179681123,1513.8128258049524,77283.18821654013,249993.8125,11180000.0,217.1503448486328,22532.36328125,-0.4605885148048401,89.86590576171875,0.03192138671875
189.17194353509694,58434.38282051287,350.88258848831936,1720.430728728171,1755.847511390556,1480.1214634524297,78033.45379543226,249994.0,11180000.0,216.96604919433594,22497.40234375,-0.3993592858314514,89.85857391357422,0.0303955078125
189.65194353554398,58602.465496698394,349.6236093949372,1725.202782260975,1760.2730777261104,1447.5023818274738,78785.5779516935,249994.203125,11180000.0,216.81800842285156,22462.44140625,-0.16119609773159027,89.85858917236328,0.028900146484375
190.131943535991,58769.95149547688,348.39218279515495,1729.9845959159936,1764.7163554348886,1416.755976211505,79539.56422811814,249994.40625,11180000.0,216.70387268066406,22427.478515625,-0.11571885645389557,89.86034393310547,0.02764892578125
190.61194353643805,58936.84742416523,347.1718729726575,1734.776107304402,1769.1739461843647,1387.4528108203733,80295.41603886565,249994.546875,11180000.0,216.621337890625,22392.517578125,-0.06528296321630478,89.8628158569336,0.026519775390625
191.09194353688508,59103.16152265761,345.9734444444934,1739.5773046677816,1773.6478859052072,1359.4113498091078,81053.13678085395,249994.734375,11180000.0,216.56820678710938,22357.5546875,0.00027833020430989563,89.86544036865234,0.025482177734375
191.57194353733212,59268.90421799512,344.7966961667954,1744.3881480709563,1778.1380072474572,1332.5526206474362,81812.72982262359,249994.90625,11180000.0,216.542236328125,22322.59375,0.0709228515625,89.8680648803711,0.02447509765625
192.05194353777915,59434.086034487234,343.64202995832767,1749.2086119763273,1782.6442754980674,1306.7862871996017,82574.1985032472,249995.09375,11180000.0,216.541259765625,22287.6328125,0.14263916015625,89.87067413330078,0.023529052734375
192.5319435382262,59598.71753840742,342.5093415135687,1754.0386621046289,1787.1665499280853,1282.0236832255707,83337.54613129939,249995.21875,11180000.0,216.56321716308594,22252.669921875,0.214385986328125,89.87325286865234,0.0225830078125
